workers,mean,stdev
1,0.004756339825689793,0.0004604691694747065
2,0.3468462498858571,0.02770507235486317
4,0.6958500601351261,0.16108949216052218
8,1.3774230802431702,0.0907099552239685
