n,bfs_time,components_time
1000,0.000001,0.000080
2000,0.000027,0.000111
5000,0.000183,0.000258
10000,0.000751,0.000643
50000,0.017415,0.014735
100000,0.050873,0.053567
