threads,n,mean,stdev
1,5000,0.00030791,0.00009295
2,10000,0.01538075,0.00140698
4,20000,0.03478291,0.00411928
8,40000,0.09002554,0.01048487
