threads,mean,stdev
1,0.00403021,0.00102348
2,0.04781371,0.00626041
4,0.04052267,0.00298866
8,0.04029875,0.00482252
